number,value,params,datetime_start,datetime_complete
0,0.0360179099507974,"{'batch_size': 64, 'n_layers': 5, 'n_units_l0': 30, 'n_units_l1': 50, 'n_units_l2': 60, 'n_units_l3': 60, 'n_units_l4': 100, 'dropout': 0.05, 'activation': 'softsign'}",2024-03-19 15:54:16.099337,2024-03-19 16:16:03.764962
1,0.024462372622142226,"{'batch_size': 128, 'n_layers': 6, 'n_units_l0': 40, 'n_units_l1': 60, 'n_units_l2': 80, 'n_units_l3': 30, 'n_units_l4': 100, 'n_units_l5': 80, 'dropout': 0.05, 'activation': 'relu'}",2024-03-19 16:16:03.766053,2024-03-19 16:29:19.255058
2,0.03547022012061074,"{'batch_size': 16, 'n_layers': 5, 'n_units_l0': 30, 'n_units_l1': 50, 'n_units_l2': 40, 'n_units_l3': 90, 'n_units_l4': 100, 'dropout': 0.01, 'activation': 'softsign'}",2024-03-19 16:29:19.256001,2024-03-19 18:35:27.927831
3,0.030129823454915945,"{'batch_size': 128, 'n_layers': 6, 'n_units_l0': 90, 'n_units_l1': 80, 'n_units_l2': 60, 'n_units_l3': 80, 'n_units_l4': 100, 'n_units_l5': 90, 'dropout': 0.01, 'activation': 'softsign'}",2024-03-19 18:35:27.928790,2024-03-19 18:53:04.122618
4,0.023926264561602146,"{'batch_size': 64, 'n_layers': 5, 'n_units_l0': 30, 'n_units_l1': 90, 'n_units_l2': 40, 'n_units_l3': 50, 'n_units_l4': 40, 'dropout': 0.03, 'activation': 'relu'}",2024-03-19 18:53:04.123611,2024-03-19 19:24:51.092607
5,0.03946098645360849,"{'batch_size': 32, 'n_layers': 4, 'n_units_l0': 60, 'n_units_l1': 70, 'n_units_l2': 100, 'n_units_l3': 60, 'dropout': 0.05, 'activation': 'tanh'}",2024-03-19 19:24:51.093562,2024-03-19 20:16:59.167912
6,0.03651441886369819,"{'batch_size': 32, 'n_layers': 8, 'n_units_l0': 40, 'n_units_l1': 100, 'n_units_l2': 70, 'n_units_l3': 100, 'n_units_l4': 100, 'n_units_l5': 40, 'n_units_l6': 50, 'n_units_l7': 50, 'dropout': 0.01, 'activation': 'tanh'}",2024-03-19 20:16:59.168866,2024-03-19 21:17:40.508477
7,0.039628925342248086,"{'batch_size': 32, 'n_layers': 9, 'n_units_l0': 70, 'n_units_l1': 60, 'n_units_l2': 60, 'n_units_l3': 70, 'n_units_l4': 60, 'n_units_l5': 90, 'n_units_l6': 60, 'n_units_l7': 100, 'n_units_l8': 70, 'dropout': 0.03, 'activation': 'tanh'}",2024-03-19 21:17:40.509455,2024-03-19 22:22:09.207344
8,0.03935388077546283,"{'batch_size': 256, 'n_layers': 5, 'n_units_l0': 90, 'n_units_l1': 70, 'n_units_l2': 70, 'n_units_l3': 90, 'n_units_l4': 70, 'dropout': 0.05, 'activation': 'tanh'}",2024-03-19 22:22:09.209300,2024-03-19 22:31:21.739410
9,0.03713773463418942,"{'batch_size': 128, 'n_layers': 5, 'n_units_l0': 70, 'n_units_l1': 90, 'n_units_l2': 50, 'n_units_l3': 50, 'n_units_l4': 100, 'dropout': 0.01, 'activation': 'tanh'}",2024-03-19 22:31:21.740413,2024-03-19 22:44:48.688233
10,0.6461215974944428,"{'batch_size': 128, 'n_layers': 12, 'n_units_l0': 70, 'n_units_l1': 30, 'n_units_l2': 70, 'n_units_l3': 90, 'n_units_l4': 70, 'n_units_l5': 70, 'n_units_l6': 60, 'n_units_l7': 100, 'n_units_l8': 80, 'n_units_l9': 80, 'n_units_l10': 80, 'n_units_l11': 30, 'dropout': 0.05, 'activation': 'softsign'}",2024-03-19 22:44:48.689183,2024-03-19 22:49:36.005211
11,0.03615044080792119,"{'batch_size': 32, 'n_layers': 5, 'n_units_l0': 80, 'n_units_l1': 50, 'n_units_l2': 30, 'n_units_l3': 80, 'n_units_l4': 60, 'dropout': 0.03, 'activation': 'softsign'}",2024-03-19 22:49:36.006195,2024-03-19 23:50:52.313685
12,0.6461241759631375,"{'batch_size': 64, 'n_layers': 13, 'n_units_l0': 90, 'n_units_l1': 50, 'n_units_l2': 80, 'n_units_l3': 30, 'n_units_l4': 100, 'n_units_l5': 70, 'n_units_l6': 80, 'n_units_l7': 30, 'n_units_l8': 90, 'n_units_l9': 80, 'n_units_l10': 90, 'n_units_l11': 60, 'n_units_l12': 90, 'dropout': 0.03, 'activation': 'relu'}",2024-03-19 23:50:52.314649,2024-03-20 00:02:38.826561
13,0.038254324678963045,"{'batch_size': 256, 'n_layers': 4, 'n_units_l0': 80, 'n_units_l1': 90, 'n_units_l2': 70, 'n_units_l3': 50, 'dropout': 0.05, 'activation': 'tanh'}",2024-03-20 00:02:38.827629,2024-03-20 00:11:59.578875
14,0.6461240776452819,"{'batch_size': 32, 'n_layers': 13, 'n_units_l0': 80, 'n_units_l1': 90, 'n_units_l2': 50, 'n_units_l3': 50, 'n_units_l4': 50, 'n_units_l5': 70, 'n_units_l6': 40, 'n_units_l7': 90, 'n_units_l8': 70, 'n_units_l9': 70, 'n_units_l10': 100, 'n_units_l11': 90, 'n_units_l12': 50, 'dropout': 0.01, 'activation': 'relu'}",2024-03-20 00:11:59.579812,2024-03-20 00:30:47.623898
15,0.6461218811503284,"{'batch_size': 256, 'n_layers': 10, 'n_units_l0': 60, 'n_units_l1': 80, 'n_units_l2': 80, 'n_units_l3': 40, 'n_units_l4': 50, 'n_units_l5': 80, 'n_units_l6': 80, 'n_units_l7': 90, 'n_units_l8': 60, 'n_units_l9': 80, 'dropout': 0.05, 'activation': 'relu'}",2024-03-20 00:30:47.624886,2024-03-20 00:32:54.200099
16,0.02301823786837863,"{'batch_size': 32, 'n_layers': 8, 'n_units_l0': 50, 'n_units_l1': 100, 'n_units_l2': 60, 'n_units_l3': 90, 'n_units_l4': 80, 'n_units_l5': 100, 'n_units_l6': 70, 'n_units_l7': 30, 'dropout': 0.05, 'activation': 'relu'}",2024-03-20 00:32:54.201089,2024-03-20 01:44:19.207120
17,0.037644334851890005,"{'batch_size': 16, 'n_layers': 5, 'n_units_l0': 40, 'n_units_l1': 40, 'n_units_l2': 90, 'n_units_l3': 60, 'n_units_l4': 30, 'dropout': 0.01, 'activation': 'tanh'}",2024-03-20 01:44:19.208110,2024-03-20 03:13:00.472838
18,0.6461242762160205,"{'batch_size': 32, 'n_layers': 12, 'n_units_l0': 80, 'n_units_l1': 70, 'n_units_l2': 90, 'n_units_l3': 70, 'n_units_l4': 100, 'n_units_l5': 100, 'n_units_l6': 100, 'n_units_l7': 100, 'n_units_l8': 80, 'n_units_l9': 90, 'n_units_l10': 60, 'n_units_l11': 100, 'dropout': 0.03, 'activation': 'softsign'}",2024-03-20 03:13:00.473827,2024-03-20 03:31:34.785572
19,0.6461213346854744,"{'batch_size': 128, 'n_layers': 12, 'n_units_l0': 30, 'n_units_l1': 50, 'n_units_l2': 80, 'n_units_l3': 80, 'n_units_l4': 90, 'n_units_l5': 30, 'n_units_l6': 40, 'n_units_l7': 40, 'n_units_l8': 30, 'n_units_l9': 50, 'n_units_l10': 40, 'n_units_l11': 30, 'dropout': 0.03, 'activation': 'softsign'}",2024-03-20 03:31:34.786584,2024-03-20 03:36:04.042386
20,0.6461241100961177,"{'batch_size': 64, 'n_layers': 10, 'n_units_l0': 70, 'n_units_l1': 40, 'n_units_l2': 90, 'n_units_l3': 60, 'n_units_l4': 70, 'n_units_l5': 40, 'n_units_l6': 80, 'n_units_l7': 80, 'n_units_l8': 70, 'n_units_l9': 90, 'dropout': 0.01, 'activation': 'relu'}",2024-03-20 03:36:04.043397,2024-03-20 03:46:10.865119
21,0.024072312217177858,"{'batch_size': 16, 'n_layers': 7, 'n_units_l0': 90, 'n_units_l1': 30, 'n_units_l2': 60, 'n_units_l3': 70, 'n_units_l4': 70, 'n_units_l5': 90, 'n_units_l6': 50, 'dropout': 0.05, 'activation': 'relu'}",2024-03-20 03:46:10.866118,2024-03-20 05:58:07.352784
22,0.6461188290174686,"{'batch_size': 128, 'n_layers': 12, 'n_units_l0': 80, 'n_units_l1': 80, 'n_units_l2': 100, 'n_units_l3': 100, 'n_units_l4': 40, 'n_units_l5': 30, 'n_units_l6': 70, 'n_units_l7': 40, 'n_units_l8': 90, 'n_units_l9': 50, 'n_units_l10': 40, 'n_units_l11': 70, 'dropout': 0.05, 'activation': 'softsign'}",2024-03-20 05:58:07.353782,2024-03-20 06:02:12.206491
23,0.039232238096105626,"{'batch_size': 16, 'n_layers': 5, 'n_units_l0': 60, 'n_units_l1': 40, 'n_units_l2': 90, 'n_units_l3': 30, 'n_units_l4': 40, 'dropout': 0.03, 'activation': 'tanh'}",2024-03-20 06:02:12.207608,2024-03-20 08:11:39.358748
24,0.04175283852527706,"{'batch_size': 16, 'n_layers': 8, 'n_units_l0': 70, 'n_units_l1': 80, 'n_units_l2': 50, 'n_units_l3': 60, 'n_units_l4': 60, 'n_units_l5': 60, 'n_units_l6': 90, 'n_units_l7': 100, 'dropout': 0.03, 'activation': 'tanh'}",2024-03-20 08:11:39.359713,2024-03-20 09:56:23.846570
25,0.031337749843153476,"{'batch_size': 64, 'n_layers': 7, 'n_units_l0': 50, 'n_units_l1': 30, 'n_units_l2': 50, 'n_units_l3': 50, 'n_units_l4': 70, 'n_units_l5': 50, 'n_units_l6': 80, 'dropout': 0.03, 'activation': 'softsign'}",2024-03-20 09:56:23.847555,2024-03-20 10:29:16.492757
26,0.6461218399363367,"{'batch_size': 256, 'n_layers': 11, 'n_units_l0': 100, 'n_units_l1': 100, 'n_units_l2': 40, 'n_units_l3': 50, 'n_units_l4': 40, 'n_units_l5': 50, 'n_units_l6': 100, 'n_units_l7': 70, 'n_units_l8': 30, 'n_units_l9': 40, 'n_units_l10': 30, 'dropout': 0.05, 'activation': 'relu'}",2024-03-20 10:29:16.493745,2024-03-20 10:31:54.654799
27,0.03866003025338608,"{'batch_size': 16, 'n_layers': 7, 'n_units_l0': 30, 'n_units_l1': 50, 'n_units_l2': 40, 'n_units_l3': 50, 'n_units_l4': 70, 'n_units_l5': 30, 'n_units_l6': 90, 'dropout': 0.03, 'activation': 'softsign'}",2024-03-20 10:31:54.655790,2024-03-20 12:44:52.009061
28,0.03152624861677105,"{'batch_size': 128, 'n_layers': 7, 'n_units_l0': 100, 'n_units_l1': 30, 'n_units_l2': 50, 'n_units_l3': 100, 'n_units_l4': 100, 'n_units_l5': 40, 'n_units_l6': 40, 'dropout': 0.05, 'activation': 'softsign'}",2024-03-20 12:44:52.010707,2024-03-20 13:03:31.232303
29,0.03446556970938401,"{'batch_size': 32, 'n_layers': 10, 'n_units_l0': 60, 'n_units_l1': 70, 'n_units_l2': 30, 'n_units_l3': 90, 'n_units_l4': 60, 'n_units_l5': 50, 'n_units_l6': 50, 'n_units_l7': 30, 'n_units_l8': 90, 'n_units_l9': 50, 'dropout': 0.03, 'activation': 'softsign'}",2024-03-20 13:03:31.233287,2024-03-20 14:01:39.433625
30,0.6461239203893706,"{'batch_size': 16, 'n_layers': 10, 'n_units_l0': 60, 'n_units_l1': 90, 'n_units_l2': 30, 'n_units_l3': 100, 'n_units_l4': 100, 'n_units_l5': 40, 'n_units_l6': 60, 'n_units_l7': 80, 'n_units_l8': 40, 'n_units_l9': 90, 'dropout': 0.05, 'activation': 'relu'}",2024-03-20 14:01:39.434630,2024-03-20 14:39:23.779402
31,0.037363160469216825,"{'batch_size': 256, 'n_layers': 9, 'n_units_l0': 70, 'n_units_l1': 90, 'n_units_l2': 60, 'n_units_l3': 70, 'n_units_l4': 30, 'n_units_l5': 40, 'n_units_l6': 60, 'n_units_l7': 100, 'n_units_l8': 70, 'dropout': 0.01, 'activation': 'tanh'}",2024-03-20 14:39:23.780418,2024-03-20 14:49:45.191991
32,0.0373946089651652,"{'batch_size': 128, 'n_layers': 6, 'n_units_l0': 60, 'n_units_l1': 50, 'n_units_l2': 90, 'n_units_l3': 90, 'n_units_l4': 70, 'n_units_l5': 80, 'dropout': 0.05, 'activation': 'tanh'}",2024-03-20 14:49:45.192976,2024-03-20 15:06:12.593127
33,0.04138226773517977,"{'batch_size': 64, 'n_layers': 11, 'n_units_l0': 60, 'n_units_l1': 80, 'n_units_l2': 60, 'n_units_l3': 100, 'n_units_l4': 70, 'n_units_l5': 90, 'n_units_l6': 70, 'n_units_l7': 90, 'n_units_l8': 40, 'n_units_l9': 40, 'n_units_l10': 30, 'dropout': 0.01, 'activation': 'tanh'}",2024-03-20 15:06:12.594111,2024-03-20 15:36:13.082359
34,0.03933350138655055,"{'batch_size': 16, 'n_layers': 9, 'n_units_l0': 50, 'n_units_l1': 30, 'n_units_l2': 90, 'n_units_l3': 100, 'n_units_l4': 30, 'n_units_l5': 50, 'n_units_l6': 70, 'n_units_l7': 50, 'n_units_l8': 40, 'dropout': 0.03, 'activation': 'tanh'}",2024-03-20 15:36:13.083363,2024-03-20 17:29:57.469470
35,0.036935037859353745,"{'batch_size': 16, 'n_layers': 7, 'n_units_l0': 50, 'n_units_l1': 80, 'n_units_l2': 80, 'n_units_l3': 60, 'n_units_l4': 50, 'n_units_l5': 40, 'n_units_l6': 60, 'dropout': 0.01, 'activation': 'softsign'}",2024-03-20 17:29:57.470497,2024-03-20 19:50:00.353353
36,0.030275284390306967,"{'batch_size': 256, 'n_layers': 10, 'n_units_l0': 50, 'n_units_l1': 100, 'n_units_l2': 30, 'n_units_l3': 90, 'n_units_l4': 80, 'n_units_l5': 70, 'n_units_l6': 80, 'n_units_l7': 80, 'n_units_l8': 80, 'n_units_l9': 40, 'dropout': 0.05, 'activation': 'softsign'}",2024-03-20 19:50:00.354377,2024-03-20 20:01:50.534615
37,0.6460988001907588,"{'batch_size': 16, 'n_layers': 12, 'n_units_l0': 100, 'n_units_l1': 100, 'n_units_l2': 70, 'n_units_l3': 70, 'n_units_l4': 70, 'n_units_l5': 50, 'n_units_l6': 60, 'n_units_l7': 30, 'n_units_l8': 50, 'n_units_l9': 30, 'n_units_l10': 30, 'n_units_l11': 30, 'dropout': 0.05, 'activation': 'softsign'}",2024-03-20 20:01:50.535622,2024-03-20 20:35:01.187084
38,0.021850814841694655,"{'batch_size': 256, 'n_layers': 7, 'n_units_l0': 50, 'n_units_l1': 100, 'n_units_l2': 40, 'n_units_l3': 70, 'n_units_l4': 30, 'n_units_l5': 40, 'n_units_l6': 60, 'dropout': 0.01, 'activation': 'relu'}",2024-03-20 20:35:01.188109,2024-03-20 20:45:01.439150
39,0.6461234924104942,"{'batch_size': 16, 'n_layers': 13, 'n_units_l0': 30, 'n_units_l1': 30, 'n_units_l2': 30, 'n_units_l3': 40, 'n_units_l4': 80, 'n_units_l5': 60, 'n_units_l6': 100, 'n_units_l7': 90, 'n_units_l8': 60, 'n_units_l9': 100, 'n_units_l10': 30, 'n_units_l11': 90, 'n_units_l12': 60, 'dropout': 0.03, 'activation': 'tanh'}",2024-03-20 20:45:01.440150,2024-03-20 21:21:45.582226
40,0.02349696473684236,"{'batch_size': 64, 'n_layers': 7, 'n_units_l0': 30, 'n_units_l1': 40, 'n_units_l2': 30, 'n_units_l3': 100, 'n_units_l4': 30, 'n_units_l5': 30, 'n_units_l6': 50, 'dropout': 0.01, 'activation': 'relu'}",2024-03-20 21:21:45.583247,2024-03-20 21:58:19.080484
41,0.6461148187026493,"{'batch_size': 128, 'n_layers': 10, 'n_units_l0': 100, 'n_units_l1': 30, 'n_units_l2': 100, 'n_units_l3': 100, 'n_units_l4': 90, 'n_units_l5': 80, 'n_units_l6': 100, 'n_units_l7': 70, 'n_units_l8': 70, 'n_units_l9': 60, 'dropout': 0.05, 'activation': 'relu'}",2024-03-20 21:58:19.081469,2024-03-20 22:03:09.982896
42,0.036813749917985875,"{'batch_size': 256, 'n_layers': 5, 'n_units_l0': 70, 'n_units_l1': 70, 'n_units_l2': 100, 'n_units_l3': 70, 'n_units_l4': 50, 'dropout': 0.05, 'activation': 'tanh'}",2024-03-20 22:03:09.983914,2024-03-20 22:13:59.733469
43,0.6461006013651461,"{'batch_size': 32, 'n_layers': 13, 'n_units_l0': 80, 'n_units_l1': 60, 'n_units_l2': 100, 'n_units_l3': 70, 'n_units_l4': 70, 'n_units_l5': 30, 'n_units_l6': 80, 'n_units_l7': 60, 'n_units_l8': 60, 'n_units_l9': 80, 'n_units_l10': 50, 'n_units_l11': 40, 'n_units_l12': 100, 'dropout': 0.03, 'activation': 'softsign'}",2024-03-20 22:13:59.734439,2024-03-20 22:33:49.186917
44,0.0333854827228772,"{'batch_size': 64, 'n_layers': 5, 'n_units_l0': 100, 'n_units_l1': 80, 'n_units_l2': 60, 'n_units_l3': 70, 'n_units_l4': 90, 'dropout': 0.01, 'activation': 'softsign'}",2024-03-20 22:33:49.187934,2024-03-20 23:17:26.801458
45,0.021404810538995886,"{'batch_size': 256, 'n_layers': 8, 'n_units_l0': 70, 'n_units_l1': 90, 'n_units_l2': 40, 'n_units_l3': 90, 'n_units_l4': 80, 'n_units_l5': 100, 'n_units_l6': 50, 'n_units_l7': 60, 'dropout': 0.03, 'activation': 'relu'}",2024-03-20 23:17:26.802432,2024-03-20 23:29:33.393721
46,0.037681400758927265,"{'batch_size': 64, 'n_layers': 6, 'n_units_l0': 30, 'n_units_l1': 50, 'n_units_l2': 50, 'n_units_l3': 50, 'n_units_l4': 80, 'n_units_l5': 70, 'dropout': 0.03, 'activation': 'tanh'}",2024-03-20 23:29:33.394698,2024-03-21 00:06:56.606128
47,0.6460977270601858,"{'batch_size': 16, 'n_layers': 12, 'n_units_l0': 30, 'n_units_l1': 70, 'n_units_l2': 60, 'n_units_l3': 30, 'n_units_l4': 50, 'n_units_l5': 30, 'n_units_l6': 50, 'n_units_l7': 40, 'n_units_l8': 100, 'n_units_l9': 90, 'n_units_l10': 50, 'n_units_l11': 70, 'dropout': 0.05, 'activation': 'relu'}",2024-03-21 00:06:56.607116,2024-03-21 00:41:07.853836
48,0.040431724725839724,"{'batch_size': 32, 'n_layers': 6, 'n_units_l0': 30, 'n_units_l1': 30, 'n_units_l2': 30, 'n_units_l3': 100, 'n_units_l4': 70, 'n_units_l5': 30, 'dropout': 0.03, 'activation': 'softsign'}",2024-03-21 00:41:07.854870,2024-03-21 02:02:21.932435
49,0.03961590489820964,"{'batch_size': 32, 'n_layers': 5, 'n_units_l0': 40, 'n_units_l1': 60, 'n_units_l2': 100, 'n_units_l3': 30, 'n_units_l4': 70, 'dropout': 0.05, 'activation': 'tanh'}",2024-03-21 02:02:21.933433,2024-03-21 02:39:04.226540
50,0.03650766279214714,"{'batch_size': 256, 'n_layers': 5, 'n_units_l0': 70, 'n_units_l1': 90, 'n_units_l2': 40, 'n_units_l3': 50, 'n_units_l4': 60, 'dropout': 0.01, 'activation': 'tanh'}",2024-03-21 02:39:04.227525,2024-03-21 02:48:06.729161
51,0.03803033643682788,"{'batch_size': 32, 'n_layers': 8, 'n_units_l0': 40, 'n_units_l1': 100, 'n_units_l2': 90, 'n_units_l3': 90, 'n_units_l4': 50, 'n_units_l5': 50, 'n_units_l6': 90, 'n_units_l7': 70, 'dropout': 0.05, 'activation': 'tanh'}",2024-03-21 02:48:06.730135,2024-03-21 03:51:22.109968
52,0.04082329259010979,"{'batch_size': 256, 'n_layers': 9, 'n_units_l0': 80, 'n_units_l1': 90, 'n_units_l2': 70, 'n_units_l3': 50, 'n_units_l4': 60, 'n_units_l5': 50, 'n_units_l6': 100, 'n_units_l7': 100, 'n_units_l8': 80, 'dropout': 0.05, 'activation': 'tanh'}",2024-03-21 03:51:22.110950,2024-03-21 04:00:22.703263
53,0.03197775877320688,"{'batch_size': 128, 'n_layers': 6, 'n_units_l0': 100, 'n_units_l1': 30, 'n_units_l2': 80, 'n_units_l3': 100, 'n_units_l4': 60, 'n_units_l5': 80, 'dropout': 0.05, 'activation': 'softsign'}",2024-03-21 04:00:22.704260,2024-03-21 04:19:36.421170
54,0.02375827704100795,"{'batch_size': 256, 'n_layers': 4, 'n_units_l0': 50, 'n_units_l1': 100, 'n_units_l2': 30, 'n_units_l3': 90, 'dropout': 0.01, 'activation': 'relu'}",2024-03-21 04:19:36.422193,2024-03-21 04:27:12.495096
55,0.6461186454257729,"{'batch_size': 128, 'n_layers': 10, 'n_units_l0': 100, 'n_units_l1': 30, 'n_units_l2': 40, 'n_units_l3': 100, 'n_units_l4': 70, 'n_units_l5': 90, 'n_units_l6': 50, 'n_units_l7': 30, 'n_units_l8': 90, 'n_units_l9': 80, 'dropout': 0.05, 'activation': 'relu'}",2024-03-21 04:27:12.496089,2024-03-21 04:30:57.009226
56,0.023663786007829216,"{'batch_size': 128, 'n_layers': 6, 'n_units_l0': 50, 'n_units_l1': 100, 'n_units_l2': 40, 'n_units_l3': 90, 'n_units_l4': 70, 'n_units_l5': 50, 'dropout': 0.05, 'activation': 'relu'}",2024-03-21 04:30:57.010217,2024-03-21 04:43:55.597945
57,0.036466152502333926,"{'batch_size': 16, 'n_layers': 5, 'n_units_l0': 100, 'n_units_l1': 30, 'n_units_l2': 90, 'n_units_l3': 100, 'n_units_l4': 90, 'dropout': 0.03, 'activation': 'softsign'}",2024-03-21 04:43:55.598923,2024-03-21 07:22:10.179423
58,0.0211765124288053,"{'batch_size': 256, 'n_layers': 7, 'n_units_l0': 50, 'n_units_l1': 100, 'n_units_l2': 90, 'n_units_l3': 100, 'n_units_l4': 60, 'n_units_l5': 100, 'n_units_l6': 90, 'dropout': 0.03, 'activation': 'relu'}",2024-03-21 07:22:10.180427,2024-03-21 07:33:10.994857
59,0.029491964536375752,"{'batch_size': 256, 'n_layers': 10, 'n_units_l0': 40, 'n_units_l1': 60, 'n_units_l2': 80, 'n_units_l3': 30, 'n_units_l4': 70, 'n_units_l5': 70, 'n_units_l6': 100, 'n_units_l7': 90, 'n_units_l8': 100, 'n_units_l9': 50, 'dropout': 0.05, 'activation': 'softsign'}",2024-03-21 07:33:10.995802,2024-03-21 07:45:41.793510
60,0.0390096786678161,"{'batch_size': 16, 'n_layers': 6, 'n_units_l0': 30, 'n_units_l1': 50, 'n_units_l2': 60, 'n_units_l3': 90, 'n_units_l4': 30, 'n_units_l5': 100, 'dropout': 0.03, 'activation': 'softsign'}",2024-03-21 07:45:41.794502,2024-03-21 10:18:20.701888
61,0.023006108651271395,"{'batch_size': 256, 'n_layers': 5, 'n_units_l0': 50, 'n_units_l1': 40, 'n_units_l2': 90, 'n_units_l3': 30, 'n_units_l4': 60, 'dropout': 0.01, 'activation': 'relu'}",2024-03-21 10:18:20.702907,2024-03-21 10:27:04.379685
62,0.023142059863097437,"{'batch_size': 256, 'n_layers': 7, 'n_units_l0': 30, 'n_units_l1': 30, 'n_units_l2': 40, 'n_units_l3': 100, 'n_units_l4': 40, 'n_units_l5': 80, 'n_units_l6': 100, 'dropout': 0.01, 'activation': 'relu'}",2024-03-21 10:27:04.380656,2024-03-21 10:37:27.979818
63,0.6461188033714909,"{'batch_size': 32, 'n_layers': 8, 'n_units_l0': 50, 'n_units_l1': 100, 'n_units_l2': 40, 'n_units_l3': 90, 'n_units_l4': 40, 'n_units_l5': 80, 'n_units_l6': 90, 'n_units_l7': 50, 'dropout': 0.05, 'activation': 'relu'}",2024-03-21 10:37:27.980804,2024-03-21 10:51:46.495965
64,0.6461243362175585,"{'batch_size': 32, 'n_layers': 10, 'n_units_l0': 40, 'n_units_l1': 40, 'n_units_l2': 30, 'n_units_l3': 30, 'n_units_l4': 40, 'n_units_l5': 100, 'n_units_l6': 30, 'n_units_l7': 80, 'n_units_l8': 30, 'n_units_l9': 60, 'dropout': 0.03, 'activation': 'relu'}",2024-03-21 10:51:46.496967,2024-03-21 11:55:50.002076
65,0.6461239200296176,"{'batch_size': 128, 'n_layers': 13, 'n_units_l0': 30, 'n_units_l1': 40, 'n_units_l2': 100, 'n_units_l3': 100, 'n_units_l4': 40, 'n_units_l5': 60, 'n_units_l6': 50, 'n_units_l7': 40, 'n_units_l8': 60, 'n_units_l9': 50, 'n_units_l10': 80, 'n_units_l11': 60, 'n_units_l12': 40, 'dropout': 0.05, 'activation': 'relu'}",2024-03-21 11:55:50.003072,2024-03-21 12:00:35.707284
66,0.03945864107578456,"{'batch_size': 128, 'n_layers': 12, 'n_units_l0': 30, 'n_units_l1': 50, 'n_units_l2': 80, 'n_units_l3': 100, 'n_units_l4': 40, 'n_units_l5': 30, 'n_units_l6': 90, 'n_units_l7': 100, 'n_units_l8': 100, 'n_units_l9': 40, 'n_units_l10': 50, 'n_units_l11': 30, 'dropout': 0.03, 'activation': 'tanh'}",2024-03-21 12:00:35.708414,2024-03-21 12:24:51.412042
67,0.03166221783176891,"{'batch_size': 64, 'n_layers': 7, 'n_units_l0': 50, 'n_units_l1': 80, 'n_units_l2': 50, 'n_units_l3': 60, 'n_units_l4': 30, 'n_units_l5': 80, 'n_units_l6': 40, 'dropout': 0.01, 'activation': 'softsign'}",2024-03-21 12:24:51.413063,2024-03-21 13:11:22.053573
68,0.03111451585295986,"{'batch_size': 128, 'n_layers': 6, 'n_units_l0': 90, 'n_units_l1': 70, 'n_units_l2': 60, 'n_units_l3': 80, 'n_units_l4': 40, 'n_units_l5': 30, 'dropout': 0.01, 'activation': 'softsign'}",2024-03-21 13:11:22.054561,2024-03-21 13:33:47.087160
69,0.03861730088426023,"{'batch_size': 16, 'n_layers': 8, 'n_units_l0': 40, 'n_units_l1': 70, 'n_units_l2': 90, 'n_units_l3': 70, 'n_units_l4': 90, 'n_units_l5': 100, 'n_units_l6': 60, 'n_units_l7': 100, 'dropout': 0.05, 'activation': 'tanh'}",2024-03-21 13:33:47.088148,2024-03-21 16:22:01.495290
70,0.03966735195074653,"{'batch_size': 64, 'n_layers': 6, 'n_units_l0': 80, 'n_units_l1': 30, 'n_units_l2': 50, 'n_units_l3': 50, 'n_units_l4': 60, 'n_units_l5': 90, 'dropout': 0.03, 'activation': 'tanh'}",2024-03-21 16:22:01.496978,2024-03-21 16:58:24.239237
71,0.03330221420613066,"{'batch_size': 128, 'n_layers': 7, 'n_units_l0': 40, 'n_units_l1': 60, 'n_units_l2': 50, 'n_units_l3': 100, 'n_units_l4': 100, 'n_units_l5': 90, 'n_units_l6': 30, 'dropout': 0.05, 'activation': 'softsign'}",2024-03-21 16:58:24.240214,2024-03-21 17:19:27.974580
72,0.03830385494164938,"{'batch_size': 16, 'n_layers': 5, 'n_units_l0': 30, 'n_units_l1': 40, 'n_units_l2': 80, 'n_units_l3': 60, 'n_units_l4': 60, 'dropout': 0.01, 'activation': 'softsign'}",2024-03-21 17:19:27.975536,2024-03-21 19:02:44.805240
73,0.02093783108760572,"{'batch_size': 128, 'n_layers': 7, 'n_units_l0': 90, 'n_units_l1': 100, 'n_units_l2': 40, 'n_units_l3': 70, 'n_units_l4': 40, 'n_units_l5': 50, 'n_units_l6': 70, 'dropout': 0.01, 'activation': 'relu'}",2024-03-21 19:02:44.806244,2024-03-21 19:19:19.196760
74,0.6461166427208938,"{'batch_size': 32, 'n_layers': 10, 'n_units_l0': 80, 'n_units_l1': 90, 'n_units_l2': 30, 'n_units_l3': 100, 'n_units_l4': 100, 'n_units_l5': 50, 'n_units_l6': 90, 'n_units_l7': 90, 'n_units_l8': 40, 'n_units_l9': 50, 'dropout': 0.03, 'activation': 'relu'}",2024-03-21 19:19:19.197763,2024-03-21 19:38:57.015407
75,0.6461243291619333,"{'batch_size': 64, 'n_layers': 10, 'n_units_l0': 60, 'n_units_l1': 90, 'n_units_l2': 30, 'n_units_l3': 100, 'n_units_l4': 90, 'n_units_l5': 50, 'n_units_l6': 100, 'n_units_l7': 40, 'n_units_l8': 80, 'n_units_l9': 80, 'dropout': 0.05, 'activation': 'relu'}",2024-03-21 19:38:57.016405,2024-03-21 19:49:16.417936
76,0.04063275244895252,"{'batch_size': 64, 'n_layers': 6, 'n_units_l0': 30, 'n_units_l1': 50, 'n_units_l2': 50, 'n_units_l3': 50, 'n_units_l4': 90, 'n_units_l5': 80, 'dropout': 0.05, 'activation': 'tanh'}",2024-03-21 19:49:16.418948,2024-03-21 20:25:13.902183
77,0.6461174669017302,"{'batch_size': 128, 'n_layers': 13, 'n_units_l0': 60, 'n_units_l1': 40, 'n_units_l2': 80, 'n_units_l3': 80, 'n_units_l4': 70, 'n_units_l5': 30, 'n_units_l6': 100, 'n_units_l7': 70, 'n_units_l8': 70, 'n_units_l9': 30, 'n_units_l10': 50, 'n_units_l11': 90, 'n_units_l12': 50, 'dropout': 0.03, 'activation': 'softsign'}",2024-03-21 20:25:13.903161,2024-03-21 20:30:14.308856
78,0.030328474072489963,"{'batch_size': 64, 'n_layers': 10, 'n_units_l0': 80, 'n_units_l1': 50, 'n_units_l2': 50, 'n_units_l3': 50, 'n_units_l4': 90, 'n_units_l5': 40, 'n_units_l6': 100, 'n_units_l7': 70, 'n_units_l8': 70, 'n_units_l9': 90, 'dropout': 0.03, 'activation': 'softsign'}",2024-03-21 20:30:14.309859,2024-03-21 21:12:01.381552
79,0.038393980662423305,"{'batch_size': 128, 'n_layers': 5, 'n_units_l0': 40, 'n_units_l1': 60, 'n_units_l2': 100, 'n_units_l3': 60, 'n_units_l4': 40, 'dropout': 0.05, 'activation': 'tanh'}",2024-03-21 21:12:01.382563,2024-03-21 21:30:57.827791
80,0.0334663146289942,"{'batch_size': 128, 'n_layers': 5, 'n_units_l0': 70, 'n_units_l1': 90, 'n_units_l2': 30, 'n_units_l3': 30, 'n_units_l4': 80, 'dropout': 0.03, 'activation': 'softsign'}",2024-03-21 21:30:57.828776,2024-03-21 21:50:49.331886
81,0.024217076038840615,"{'batch_size': 128, 'n_layers': 6, 'n_units_l0': 40, 'n_units_l1': 60, 'n_units_l2': 80, 'n_units_l3': 30, 'n_units_l4': 40, 'n_units_l5': 30, 'dropout': 0.05, 'activation': 'relu'}",2024-03-21 21:50:49.332870,2024-03-21 22:10:01.484418
82,0.6461187087273572,"{'batch_size': 128, 'n_layers': 12, 'n_units_l0': 100, 'n_units_l1': 100, 'n_units_l2': 50, 'n_units_l3': 50, 'n_units_l4': 90, 'n_units_l5': 50, 'n_units_l6': 60, 'n_units_l7': 70, 'n_units_l8': 60, 'n_units_l9': 70, 'n_units_l10': 80, 'n_units_l11': 80, 'dropout': 0.05, 'activation': 'relu'}",2024-03-21 22:10:01.485409,2024-03-21 22:14:31.974074
83,0.03988829782258038,"{'batch_size': 16, 'n_layers': 5, 'n_units_l0': 90, 'n_units_l1': 80, 'n_units_l2': 80, 'n_units_l3': 60, 'n_units_l4': 50, 'dropout': 0.01, 'activation': 'tanh'}",2024-03-21 22:14:31.975127,2024-03-21 23:59:57.503567
84,0.027930292565242404,"{'batch_size': 256, 'n_layers': 10, 'n_units_l0': 50, 'n_units_l1': 50, 'n_units_l2': 30, 'n_units_l3': 50, 'n_units_l4': 80, 'n_units_l5': 70, 'n_units_l6': 30, 'n_units_l7': 80, 'n_units_l8': 40, 'n_units_l9': 80, 'dropout': 0.03, 'activation': 'softsign'}",2024-03-21 23:59:57.504563,2024-03-22 00:12:17.512840
85,0.03694266222901896,"{'batch_size': 16, 'n_layers': 5, 'n_units_l0': 60, 'n_units_l1': 50, 'n_units_l2': 60, 'n_units_l3': 100, 'n_units_l4': 90, 'dropout': 0.05, 'activation': 'softsign'}",2024-03-22 00:12:17.513833,2024-03-22 02:46:55.584348
86,0.03699073259039272,"{'batch_size': 128, 'n_layers': 8, 'n_units_l0': 50, 'n_units_l1': 90, 'n_units_l2': 50, 'n_units_l3': 70, 'n_units_l4': 30, 'n_units_l5': 90, 'n_units_l6': 100, 'n_units_l7': 100, 'dropout': 0.01, 'activation': 'tanh'}",2024-03-22 02:46:55.585345,2024-03-22 03:06:23.012946
87,0.03758492079800778,"{'batch_size': 128, 'n_layers': 7, 'n_units_l0': 70, 'n_units_l1': 30, 'n_units_l2': 50, 'n_units_l3': 70, 'n_units_l4': 70, 'n_units_l5': 80, 'n_units_l6': 100, 'dropout': 0.05, 'activation': 'tanh'}",2024-03-22 03:06:23.013920,2024-03-22 03:25:42.136610
88,0.024005329878794307,"{'batch_size': 32, 'n_layers': 6, 'n_units_l0': 60, 'n_units_l1': 50, 'n_units_l2': 60, 'n_units_l3': 90, 'n_units_l4': 40, 'n_units_l5': 50, 'dropout': 0.05, 'activation': 'relu'}",2024-03-22 03:25:42.137589,2024-03-22 04:36:26.496175
89,0.6461206227703759,"{'batch_size': 16, 'n_layers': 12, 'n_units_l0': 30, 'n_units_l1': 100, 'n_units_l2': 60, 'n_units_l3': 70, 'n_units_l4': 80, 'n_units_l5': 30, 'n_units_l6': 90, 'n_units_l7': 50, 'n_units_l8': 90, 'n_units_l9': 70, 'n_units_l10': 100, 'n_units_l11': 90, 'dropout': 0.05, 'activation': 'softsign'}",2024-03-22 04:36:26.497193,2024-03-22 05:26:04.485481
90,0.033045235256979985,"{'batch_size': 128, 'n_layers': 6, 'n_units_l0': 40, 'n_units_l1': 50, 'n_units_l2': 80, 'n_units_l3': 40, 'n_units_l4': 70, 'n_units_l5': 50, 'dropout': 0.05, 'activation': 'softsign'}",2024-03-22 05:26:04.486494,2024-03-22 05:44:03.881022
91,0.03808232769329724,"{'batch_size': 16, 'n_layers': 8, 'n_units_l0': 40, 'n_units_l1': 40, 'n_units_l2': 90, 'n_units_l3': 60, 'n_units_l4': 30, 'n_units_l5': 100, 'n_units_l6': 40, 'n_units_l7': 100, 'dropout': 0.03, 'activation': 'tanh'}",2024-03-22 05:44:03.881980,2024-03-22 07:41:50.409311
92,0.037506577921861864,"{'batch_size': 32, 'n_layers': 6, 'n_units_l0': 50, 'n_units_l1': 50, 'n_units_l2': 30, 'n_units_l3': 50, 'n_units_l4': 70, 'n_units_l5': 50, 'dropout': 0.03, 'activation': 'tanh'}",2024-03-22 07:41:50.410324,2024-03-22 08:29:48.693438
93,0.6461243392276796,"{'batch_size': 16, 'n_layers': 13, 'n_units_l0': 30, 'n_units_l1': 30, 'n_units_l2': 30, 'n_units_l3': 40, 'n_units_l4': 70, 'n_units_l5': 60, 'n_units_l6': 80, 'n_units_l7': 40, 'n_units_l8': 30, 'n_units_l9': 40, 'n_units_l10': 70, 'n_units_l11': 90, 'n_units_l12': 40, 'dropout': 0.03, 'activation': 'tanh'}",2024-03-22 08:29:48.694448,2024-03-22 09:14:19.068706
94,0.039560863660599604,"{'batch_size': 16, 'n_layers': 5, 'n_units_l0': 80, 'n_units_l1': 30, 'n_units_l2': 100, 'n_units_l3': 100, 'n_units_l4': 90, 'dropout': 0.03, 'activation': 'tanh'}",2024-03-22 09:14:19.069724,2024-03-22 10:51:27.791948
95,0.025284908837852654,"{'batch_size': 64, 'n_layers': 4, 'n_units_l0': 30, 'n_units_l1': 90, 'n_units_l2': 40, 'n_units_l3': 50, 'dropout': 0.03, 'activation': 'relu'}",2024-03-22 10:51:27.792937,2024-03-22 11:16:50.846320
96,0.03681741926277585,"{'batch_size': 64, 'n_layers': 5, 'n_units_l0': 70, 'n_units_l1': 50, 'n_units_l2': 60, 'n_units_l3': 60, 'n_units_l4': 30, 'dropout': 0.05, 'activation': 'softsign'}",2024-03-22 11:16:50.847287,2024-03-22 11:43:09.615497
97,0.03810213345111094,"{'batch_size': 16, 'n_layers': 5, 'n_units_l0': 100, 'n_units_l1': 80, 'n_units_l2': 60, 'n_units_l3': 70, 'n_units_l4': 60, 'dropout': 0.05, 'activation': 'softsign'}",2024-03-22 11:43:09.616498,2024-03-22 13:59:20.556509
98,0.03906124122289774,"{'batch_size': 16, 'n_layers': 5, 'n_units_l0': 70, 'n_units_l1': 40, 'n_units_l2': 40, 'n_units_l3': 60, 'n_units_l4': 40, 'dropout': 0.03, 'activation': 'tanh'}",2024-03-22 13:59:20.557488,2024-03-22 15:32:57.615460
99,0.6461222182111364,"{'batch_size': 128, 'n_layers': 10, 'n_units_l0': 100, 'n_units_l1': 30, 'n_units_l2': 100, 'n_units_l3': 100, 'n_units_l4': 100, 'n_units_l5': 100, 'n_units_l6': 100, 'n_units_l7': 50, 'n_units_l8': 40, 'n_units_l9': 40, 'dropout': 0.05, 'activation': 'relu'}",2024-03-22 15:32:57.616456,2024-03-22 15:37:00.877600
100,0.024634992044738672,"{'batch_size': 64, 'n_layers': 5, 'n_units_l0': 50, 'n_units_l1': 100, 'n_units_l2': 60, 'n_units_l3': 70, 'n_units_l4': 90, 'dropout': 0.05, 'activation': 'relu'}",2024-03-22 15:37:00.878588,2024-03-22 15:57:32.359768
101,0.030347109000844103,"{'batch_size': 256, 'n_layers': 10, 'n_units_l0': 50, 'n_units_l1': 100, 'n_units_l2': 30, 'n_units_l3': 100, 'n_units_l4': 30, 'n_units_l5': 100, 'n_units_l6': 70, 'n_units_l7': 100, 'n_units_l8': 100, 'n_units_l9': 50, 'dropout': 0.05, 'activation': 'softsign'}",2024-03-22 15:57:32.360787,2024-03-22 16:09:38.085920
102,0.030783627340047196,"{'batch_size': 128, 'n_layers': 7, 'n_units_l0': 100, 'n_units_l1': 100, 'n_units_l2': 50, 'n_units_l3': 100, 'n_units_l4': 70, 'n_units_l5': 60, 'n_units_l6': 70, 'dropout': 0.05, 'activation': 'softsign'}",2024-03-22 16:09:38.086930,2024-03-22 16:28:09.885469
103,0.6461234901963299,"{'batch_size': 256, 'n_layers': 10, 'n_units_l0': 50, 'n_units_l1': 100, 'n_units_l2': 30, 'n_units_l3': 50, 'n_units_l4': 70, 'n_units_l5': 40, 'n_units_l6': 90, 'n_units_l7': 30, 'n_units_l8': 80, 'n_units_l9': 40, 'dropout': 0.05, 'activation': 'relu'}",2024-03-22 16:28:09.886458,2024-03-22 16:30:28.809081
104,0.022065553064204116,"{'batch_size': 256, 'n_layers': 7, 'n_units_l0': 50, 'n_units_l1': 100, 'n_units_l2': 40, 'n_units_l3': 50, 'n_units_l4': 40, 'n_units_l5': 50, 'n_units_l6': 50, 'dropout': 0.03, 'activation': 'relu'}",2024-03-22 16:30:28.810073,2024-03-22 16:39:59.712702
105,0.023675464394117933,"{'batch_size': 256, 'n_layers': 5, 'n_units_l0': 50, 'n_units_l1': 100, 'n_units_l2': 90, 'n_units_l3': 60, 'n_units_l4': 60, 'dropout': 0.05, 'activation': 'relu'}",2024-03-22 16:39:59.713722,2024-03-22 16:46:55.409033
106,0.02311075116488743,"{'batch_size': 128, 'n_layers': 6, 'n_units_l0': 70, 'n_units_l1': 60, 'n_units_l2': 80, 'n_units_l3': 90, 'n_units_l4': 30, 'n_units_l5': 100, 'dropout': 0.05, 'activation': 'relu'}",2024-03-22 16:46:55.410023,2024-03-22 17:05:27.822511
107,0.032451900145560056,"{'batch_size': 128, 'n_layers': 6, 'n_units_l0': 50, 'n_units_l1': 100, 'n_units_l2': 60, 'n_units_l3': 90, 'n_units_l4': 80, 'n_units_l5': 50, 'dropout': 0.05, 'activation': 'softsign'}",2024-03-22 17:05:27.823485,2024-03-22 17:22:56.056369
108,0.6461203667336579,"{'batch_size': 64, 'n_layers': 10, 'n_units_l0': 50, 'n_units_l1': 30, 'n_units_l2': 30, 'n_units_l3': 90, 'n_units_l4': 70, 'n_units_l5': 60, 'n_units_l6': 80, 'n_units_l7': 40, 'n_units_l8': 40, 'n_units_l9': 70, 'dropout': 0.01, 'activation': 'softsign'}",2024-03-22 17:22:56.057348,2024-03-22 17:32:28.934361
109,0.0328519259329397,"{'batch_size': 64, 'n_layers': 7, 'n_units_l0': 50, 'n_units_l1': 60, 'n_units_l2': 80, 'n_units_l3': 30, 'n_units_l4': 90, 'n_units_l5': 80, 'n_units_l6': 30, 'dropout': 0.05, 'activation': 'softsign'}",2024-03-22 17:32:28.935366,2024-03-22 18:01:53.593947
110,0.029131847721723843,"{'batch_size': 256, 'n_layers': 10, 'n_units_l0': 80, 'n_units_l1': 50, 'n_units_l2': 50, 'n_units_l3': 40, 'n_units_l4': 80, 'n_units_l5': 50, 'n_units_l6': 80, 'n_units_l7': 100, 'n_units_l8': 30, 'n_units_l9': 90, 'dropout': 0.03, 'activation': 'softsign'}",2024-03-22 18:01:53.594934,2024-03-22 18:13:10.228641
111,0.031183427659630964,"{'batch_size': 256, 'n_layers': 5, 'n_units_l0': 100, 'n_units_l1': 30, 'n_units_l2': 50, 'n_units_l3': 100, 'n_units_l4': 90, 'dropout': 0.03, 'activation': 'softsign'}",2024-03-22 18:13:10.229635,2024-03-22 18:23:06.556514
112,0.022543533220261383,"{'batch_size': 128, 'n_layers': 7, 'n_units_l0': 50, 'n_units_l1': 70, 'n_units_l2': 50, 'n_units_l3': 50, 'n_units_l4': 90, 'n_units_l5': 30, 'n_units_l6': 70, 'dropout': 0.03, 'activation': 'relu'}",2024-03-22 18:23:06.557471,2024-03-22 18:39:09.839334
113,0.6461244313448904,"{'batch_size': 16, 'n_layers': 12, 'n_units_l0': 100, 'n_units_l1': 80, 'n_units_l2': 80, 'n_units_l3': 60, 'n_units_l4': 40, 'n_units_l5': 40, 'n_units_l6': 70, 'n_units_l7': 100, 'n_units_l8': 50, 'n_units_l9': 60, 'n_units_l10': 100, 'n_units_l11': 60, 'dropout': 0.01, 'activation': 'softsign'}",2024-03-22 18:39:09.840321,2024-03-22 19:40:13.576222
114,0.020520888318069655,"{'batch_size': 256, 'n_layers': 7, 'n_units_l0': 50, 'n_units_l1': 100, 'n_units_l2': 40, 'n_units_l3': 100, 'n_units_l4': 80, 'n_units_l5': 50, 'n_units_l6': 50, 'dropout': 0.01, 'activation': 'relu'}",2024-03-22 19:40:13.577228,2024-03-22 19:49:48.967889
115,0.037610555178363037,"{'batch_size': 32, 'n_layers': 7, 'n_units_l0': 50, 'n_units_l1': 50, 'n_units_l2': 90, 'n_units_l3': 50, 'n_units_l4': 70, 'n_units_l5': 40, 'n_units_l6': 70, 'dropout': 0.03, 'activation': 'tanh'}",2024-03-22 19:49:48.968879,2024-03-22 20:49:37.191698
116,0.023182429302596605,"{'batch_size': 16, 'n_layers': 6, 'n_units_l0': 90, 'n_units_l1': 100, 'n_units_l2': 50, 'n_units_l3': 100, 'n_units_l4': 70, 'n_units_l5': 80, 'dropout': 0.03, 'activation': 'relu'}",2024-03-22 20:49:37.192696,2024-03-22 22:46:07.815855
117,0.6461243636708769,"{'batch_size': 32, 'n_layers': 10, 'n_units_l0': 80, 'n_units_l1': 70, 'n_units_l2': 70, 'n_units_l3': 90, 'n_units_l4': 50, 'n_units_l5': 40, 'n_units_l6': 40, 'n_units_l7': 30, 'n_units_l8': 90, 'n_units_l9': 60, 'dropout': 0.03, 'activation': 'softsign'}",2024-03-22 22:46:07.817566,2024-03-22 23:25:26.215683
118,0.025403946069810952,"{'batch_size': 64, 'n_layers': 4, 'n_units_l0': 30, 'n_units_l1': 70, 'n_units_l2': 40, 'n_units_l3': 100, 'dropout': 0.01, 'activation': 'relu'}",2024-03-22 23:25:26.216986,2024-03-22 23:46:37.775755
119,0.030106599534607252,"{'batch_size': 256, 'n_layers': 10, 'n_units_l0': 50, 'n_units_l1': 100, 'n_units_l2': 30, 'n_units_l3': 90, 'n_units_l4': 50, 'n_units_l5': 80, 'n_units_l6': 50, 'n_units_l7': 90, 'n_units_l8': 70, 'n_units_l9': 40, 'dropout': 0.05, 'activation': 'softsign'}",2024-03-22 23:46:37.776710,2024-03-22 23:58:16.486539
120,0.033926555782005936,"{'batch_size': 256, 'n_layers': 4, 'n_units_l0': 40, 'n_units_l1': 50, 'n_units_l2': 40, 'n_units_l3': 30, 'dropout': 0.01, 'activation': 'softsign'}",2024-03-22 23:58:16.487553,2024-03-23 00:08:18.462733
121,0.03900564596484554,"{'batch_size': 64, 'n_layers': 4, 'n_units_l0': 30, 'n_units_l1': 80, 'n_units_l2': 60, 'n_units_l3': 50, 'dropout': 0.01, 'activation': 'softsign'}",2024-03-23 00:08:18.463749,2024-03-23 00:38:30.273687
122,0.021606928629203534,"{'batch_size': 128, 'n_layers': 8, 'n_units_l0': 90, 'n_units_l1': 90, 'n_units_l2': 40, 'n_units_l3': 80, 'n_units_l4': 100, 'n_units_l5': 70, 'n_units_l6': 50, 'n_units_l7': 40, 'dropout': 0.03, 'activation': 'relu'}",2024-03-23 00:38:30.274668,2024-03-23 00:55:52.782264
123,0.023791658268346193,"{'batch_size': 16, 'n_layers': 7, 'n_units_l0': 50, 'n_units_l1': 100, 'n_units_l2': 60, 'n_units_l3': 90, 'n_units_l4': 100, 'n_units_l5': 60, 'n_units_l6': 50, 'dropout': 0.05, 'activation': 'relu'}",2024-03-23 00:55:52.783253,2024-03-23 03:11:07.512989
124,0.034769262791548225,"{'batch_size': 32, 'n_layers': 6, 'n_units_l0': 60, 'n_units_l1': 80, 'n_units_l2': 60, 'n_units_l3': 90, 'n_units_l4': 90, 'n_units_l5': 70, 'dropout': 0.05, 'activation': 'softsign'}",2024-03-23 03:11:07.514010,2024-03-23 04:17:12.646095
125,0.023452167918964456,"{'batch_size': 256, 'n_layers': 7, 'n_units_l0': 30, 'n_units_l1': 40, 'n_units_l2': 90, 'n_units_l3': 100, 'n_units_l4': 100, 'n_units_l5': 80, 'n_units_l6': 100, 'dropout': 0.03, 'activation': 'relu'}",2024-03-23 04:17:12.647160,2024-03-23 04:23:43.632807
126,0.021693024603824156,"{'batch_size': 256, 'n_layers': 6, 'n_units_l0': 50, 'n_units_l1': 40, 'n_units_l2': 90, 'n_units_l3': 30, 'n_units_l4': 90, 'n_units_l5': 100, 'dropout': 0.01, 'activation': 'relu'}",2024-03-23 04:23:43.633819,2024-03-23 04:31:23.623265
127,0.033024036587418454,"{'batch_size': 64, 'n_layers': 7, 'n_units_l0': 30, 'n_units_l1': 30, 'n_units_l2': 30, 'n_units_l3': 100, 'n_units_l4': 40, 'n_units_l5': 80, 'n_units_l6': 70, 'dropout': 0.01, 'activation': 'softsign'}",2024-03-23 04:31:23.624261,2024-03-23 05:00:11.993155
128,0.029090937311720806,"{'batch_size': 128, 'n_layers': 9, 'n_units_l0': 70, 'n_units_l1': 90, 'n_units_l2': 40, 'n_units_l3': 40, 'n_units_l4': 60, 'n_units_l5': 40, 'n_units_l6': 30, 'n_units_l7': 70, 'n_units_l8': 30, 'dropout': 0.03, 'activation': 'softsign'}",2024-03-23 05:00:11.994223,2024-03-23 05:19:58.095671
129,0.03817390693253124,"{'batch_size': 128, 'n_layers': 6, 'n_units_l0': 60, 'n_units_l1': 50, 'n_units_l2': 30, 'n_units_l3': 50, 'n_units_l4': 60, 'n_units_l5': 70, 'dropout': 0.05, 'activation': 'tanh'}",2024-03-23 05:19:58.096660,2024-03-23 05:34:49.286687
130,0.020437226935639714,"{'batch_size': 128, 'n_layers': 8, 'n_units_l0': 90, 'n_units_l1': 100, 'n_units_l2': 40, 'n_units_l3': 70, 'n_units_l4': 50, 'n_units_l5': 50, 'n_units_l6': 60, 'n_units_l7': 30, 'dropout': 0.01, 'activation': 'relu'}",2024-03-23 05:34:49.288199,2024-03-23 05:49:43.439861
131,0.0355302311169957,"{'batch_size': 64, 'n_layers': 5, 'n_units_l0': 70, 'n_units_l1': 50, 'n_units_l2': 40, 'n_units_l3': 60, 'n_units_l4': 30, 'dropout': 0.05, 'activation': 'softsign'}",2024-03-23 05:49:43.440876,2024-03-23 06:16:05.724891
132,0.03665071881566943,"{'batch_size': 16, 'n_layers': 5, 'n_units_l0': 50, 'n_units_l1': 100, 'n_units_l2': 40, 'n_units_l3': 90, 'n_units_l4': 70, 'dropout': 0.05, 'activation': 'softsign'}",2024-03-23 06:16:05.725960,2024-03-23 07:39:35.568742
133,0.021992976870322783,"{'batch_size': 256, 'n_layers': 7, 'n_units_l0': 70, 'n_units_l1': 70, 'n_units_l2': 100, 'n_units_l3': 60, 'n_units_l4': 30, 'n_units_l5': 30, 'n_units_l6': 60, 'dropout': 0.05, 'activation': 'relu'}",2024-03-23 07:39:35.569780,2024-03-23 07:47:03.243079
134,0.023573530775748537,"{'batch_size': 256, 'n_layers': 4, 'n_units_l0': 50, 'n_units_l1': 100, 'n_units_l2': 40, 'n_units_l3': 80, 'dropout': 0.01, 'activation': 'relu'}",2024-03-23 07:47:03.244045,2024-03-23 07:53:31.195797
135,0.024997257442450176,"{'batch_size': 256, 'n_layers': 5, 'n_units_l0': 30, 'n_units_l1': 30, 'n_units_l2': 60, 'n_units_l3': 50, 'n_units_l4': 90, 'dropout': 0.03, 'activation': 'relu'}",2024-03-23 07:53:31.196772,2024-03-23 07:59:14.505849
136,0.022188823530021735,"{'batch_size': 128, 'n_layers': 7, 'n_units_l0': 90, 'n_units_l1': 100, 'n_units_l2': 40, 'n_units_l3': 60, 'n_units_l4': 70, 'n_units_l5': 70, 'n_units_l6': 80, 'dropout': 0.03, 'activation': 'relu'}",2024-03-23 07:59:14.506843,2024-03-23 08:13:40.705351
137,0.024661977047487814,"{'batch_size': 32, 'n_layers': 6, 'n_units_l0': 40, 'n_units_l1': 30, 'n_units_l2': 50, 'n_units_l3': 30, 'n_units_l4': 40, 'n_units_l5': 80, 'dropout': 0.03, 'activation': 'relu'}",2024-03-23 08:13:40.706334,2024-03-23 08:53:55.222284
138,0.021666654520171122,"{'batch_size': 256, 'n_layers': 7, 'n_units_l0': 50, 'n_units_l1': 100, 'n_units_l2': 90, 'n_units_l3': 100, 'n_units_l4': 100, 'n_units_l5': 70, 'n_units_l6': 90, 'dropout': 0.05, 'activation': 'relu'}",2024-03-23 08:53:55.223279,2024-03-23 09:00:46.824442
139,0.03905364317647558,"{'batch_size': 16, 'n_layers': 7, 'n_units_l0': 40, 'n_units_l1': 40, 'n_units_l2': 100, 'n_units_l3': 60, 'n_units_l4': 40, 'n_units_l5': 60, 'n_units_l6': 80, 'dropout': 0.01, 'activation': 'tanh'}",2024-03-23 09:00:46.825421,2024-03-23 10:30:11.492494
140,0.035422394148966085,"{'batch_size': 32, 'n_layers': 10, 'n_units_l0': 50, 'n_units_l1': 50, 'n_units_l2': 60, 'n_units_l3': 90, 'n_units_l4': 50, 'n_units_l5': 100, 'n_units_l6': 40, 'n_units_l7': 30, 'n_units_l8': 100, 'n_units_l9': 40, 'dropout': 0.05, 'activation': 'softsign'}",2024-03-23 10:30:11.493582,2024-03-23 11:34:24.483648
141,0.030974733376174502,"{'batch_size': 64, 'n_layers': 7, 'n_units_l0': 100, 'n_units_l1': 80, 'n_units_l2': 90, 'n_units_l3': 50, 'n_units_l4': 30, 'n_units_l5': 70, 'n_units_l6': 70, 'dropout': 0.01, 'activation': 'softsign'}",2024-03-23 11:34:24.484747,2024-03-23 12:05:07.320089
142,0.02192534823204649,"{'batch_size': 256, 'n_layers': 5, 'n_units_l0': 90, 'n_units_l1': 100, 'n_units_l2': 40, 'n_units_l3': 70, 'n_units_l4': 90, 'dropout': 0.01, 'activation': 'relu'}",2024-03-23 12:05:07.321201,2024-03-23 12:13:22.280865
143,0.02154821701843042,"{'batch_size': 32, 'n_layers': 8, 'n_units_l0': 70, 'n_units_l1': 90, 'n_units_l2': 30, 'n_units_l3': 50, 'n_units_l4': 40, 'n_units_l5': 90, 'n_units_l6': 50, 'n_units_l7': 100, 'dropout': 0.01, 'activation': 'relu'}",2024-03-23 12:13:22.281881,2024-03-23 13:07:20.471863
144,0.02357076794442551,"{'batch_size': 128, 'n_layers': 6, 'n_units_l0': 60, 'n_units_l1': 50, 'n_units_l2': 40, 'n_units_l3': 90, 'n_units_l4': 40, 'n_units_l5': 60, 'dropout': 0.05, 'activation': 'relu'}",2024-03-23 13:07:20.472900,2024-03-23 13:18:27.370233
145,0.030407355721385577,"{'batch_size': 128, 'n_layers': 7, 'n_units_l0': 40, 'n_units_l1': 60, 'n_units_l2': 80, 'n_units_l3': 60, 'n_units_l4': 50, 'n_units_l5': 50, 'n_units_l6': 40, 'dropout': 0.01, 'activation': 'softsign'}",2024-03-23 13:18:27.371200,2024-03-23 13:35:00.347780
146,0.024744193118929135,"{'batch_size': 16, 'n_layers': 6, 'n_units_l0': 30, 'n_units_l1': 40, 'n_units_l2': 30, 'n_units_l3': 90, 'n_units_l4': 100, 'n_units_l5': 90, 'dropout': 0.03, 'activation': 'relu'}",2024-03-23 13:35:00.348862,2024-03-23 14:57:03.078813
147,0.031776741157761225,"{'batch_size': 128, 'n_layers': 6, 'n_units_l0': 50, 'n_units_l1': 30, 'n_units_l2': 70, 'n_units_l3': 70, 'n_units_l4': 60, 'n_units_l5': 30, 'dropout': 0.05, 'activation': 'softsign'}",2024-03-23 14:57:03.079816,2024-03-23 15:12:56.969987
148,0.02215712957839106,"{'batch_size': 128, 'n_layers': 6, 'n_units_l0': 90, 'n_units_l1': 100, 'n_units_l2': 60, 'n_units_l3': 80, 'n_units_l4': 30, 'n_units_l5': 40, 'dropout': 0.03, 'activation': 'relu'}",2024-03-23 15:12:56.970957,2024-03-23 15:26:57.823185
149,0.03530144149390512,"{'batch_size': 32, 'n_layers': 10, 'n_units_l0': 60, 'n_units_l1': 60, 'n_units_l2': 60, 'n_units_l3': 90, 'n_units_l4': 70, 'n_units_l5': 60, 'n_units_l6': 40, 'n_units_l7': 30, 'n_units_l8': 40, 'n_units_l9': 40, 'dropout': 0.05, 'activation': 'softsign'}",2024-03-23 15:26:57.824168,2024-03-23 16:18:05.782897
150,0.02050370333972021,"{'batch_size': 256, 'n_layers': 8, 'n_units_l0': 70, 'n_units_l1': 100, 'n_units_l2': 30, 'n_units_l3': 80, 'n_units_l4': 60, 'n_units_l5': 50, 'n_units_l6': 70, 'n_units_l7': 50, 'dropout': 0.01, 'activation': 'relu'}",2024-03-23 16:18:05.783942,2024-03-23 16:26:25.691393
151,0.02438724159020821,"{'batch_size': 16, 'n_layers': 5, 'n_units_l0': 90, 'n_units_l1': 100, 'n_units_l2': 60, 'n_units_l3': 90, 'n_units_l4': 70, 'dropout': 0.01, 'activation': 'relu'}",2024-03-23 16:26:25.692394,2024-03-23 18:00:44.027061
152,0.022524323638771736,"{'batch_size': 256, 'n_layers': 6, 'n_units_l0': 70, 'n_units_l1': 90, 'n_units_l2': 40, 'n_units_l3': 90, 'n_units_l4': 90, 'n_units_l5': 40, 'dropout': 0.03, 'activation': 'relu'}",2024-03-23 18:00:44.029236,2024-03-23 18:08:37.530463
153,0.6461236775478642,"{'batch_size': 256, 'n_layers': 12, 'n_units_l0': 30, 'n_units_l1': 90, 'n_units_l2': 40, 'n_units_l3': 30, 'n_units_l4': 70, 'n_units_l5': 50, 'n_units_l6': 60, 'n_units_l7': 90, 'n_units_l8': 70, 'n_units_l9': 70, 'n_units_l10': 90, 'n_units_l11': 80, 'dropout': 0.01, 'activation': 'relu'}",2024-03-23 18:08:37.531457,2024-03-23 18:11:06.143687
154,0.02292691182258294,"{'batch_size': 256, 'n_layers': 5, 'n_units_l0': 50, 'n_units_l1': 40, 'n_units_l2': 60, 'n_units_l3': 70, 'n_units_l4': 30, 'dropout': 0.01, 'activation': 'relu'}",2024-03-23 18:11:06.144693,2024-03-23 18:19:23.305796
155,0.02511193579960807,"{'batch_size': 16, 'n_layers': 6, 'n_units_l0': 40, 'n_units_l1': 80, 'n_units_l2': 40, 'n_units_l3': 30, 'n_units_l4': 60, 'n_units_l5': 100, 'dropout': 0.05, 'activation': 'relu'}",2024-03-23 18:19:23.361234,2024-03-23 19:55:25.210095
156,0.021062525266498412,"{'batch_size': 256, 'n_layers': 7, 'n_units_l0': 50, 'n_units_l1': 100, 'n_units_l2': 90, 'n_units_l3': 70, 'n_units_l4': 50, 'n_units_l5': 30, 'n_units_l6': 60, 'dropout': 0.03, 'activation': 'relu'}",2024-03-23 19:55:25.211176,2024-03-23 20:03:24.860954
157,0.03806262681927609,"{'batch_size': 16, 'n_layers': 7, 'n_units_l0': 70, 'n_units_l1': 100, 'n_units_l2': 100, 'n_units_l3': 60, 'n_units_l4': 80, 'n_units_l5': 100, 'n_units_l6': 60, 'dropout': 0.05, 'activation': 'softsign'}",2024-03-23 20:03:24.861959,2024-03-23 21:53:18.792136
158,0.6461206382336804,"{'batch_size': 256, 'n_layers': 10, 'n_units_l0': 80, 'n_units_l1': 50, 'n_units_l2': 50, 'n_units_l3': 40, 'n_units_l4': 90, 'n_units_l5': 30, 'n_units_l6': 40, 'n_units_l7': 30, 'n_units_l8': 100, 'n_units_l9': 30, 'dropout': 0.03, 'activation': 'relu'}",2024-03-23 21:53:18.793134,2024-03-23 21:54:59.601534
159,0.024256951956582746,"{'batch_size': 16, 'n_layers': 6, 'n_units_l0': 40, 'n_units_l1': 60, 'n_units_l2': 80, 'n_units_l3': 70, 'n_units_l4': 40, 'n_units_l5': 90, 'dropout': 0.01, 'activation': 'relu'}",2024-03-23 21:54:59.602581,2024-03-23 23:52:33.010844
160,0.029849906796836703,"{'batch_size': 128, 'n_layers': 10, 'n_units_l0': 90, 'n_units_l1': 60, 'n_units_l2': 80, 'n_units_l3': 70, 'n_units_l4': 40, 'n_units_l5': 60, 'n_units_l6': 100, 'n_units_l7': 70, 'n_units_l8': 40, 'n_units_l9': 40, 'dropout': 0.05, 'activation': 'softsign'}",2024-03-23 23:52:33.011857,2024-03-24 00:09:05.703745
161,0.021009025521950137,"{'batch_size': 256, 'n_layers': 7, 'n_units_l0': 50, 'n_units_l1': 100, 'n_units_l2': 40, 'n_units_l3': 80, 'n_units_l4': 100, 'n_units_l5': 50, 'n_units_l6': 80, 'dropout': 0.01, 'activation': 'relu'}",2024-03-24 00:09:05.704780,2024-03-24 00:15:57.207388
162,0.023440798178012423,"{'batch_size': 256, 'n_layers': 4, 'n_units_l0': 50, 'n_units_l1': 100, 'n_units_l2': 40, 'n_units_l3': 70, 'dropout': 0.01, 'activation': 'relu'}",2024-03-24 00:15:57.208402,2024-03-24 00:22:25.110569
163,0.023237388133749128,"{'batch_size': 128, 'n_layers': 7, 'n_units_l0': 30, 'n_units_l1': 40, 'n_units_l2': 100, 'n_units_l3': 100, 'n_units_l4': 60, 'n_units_l5': 50, 'n_units_l6': 70, 'dropout': 0.03, 'activation': 'relu'}",2024-03-24 00:22:25.111616,2024-03-24 00:36:09.842531
164,0.022406679599873688,"{'batch_size': 256, 'n_layers': 7, 'n_units_l0': 50, 'n_units_l1': 30, 'n_units_l2': 40, 'n_units_l3': 50, 'n_units_l4': 90, 'n_units_l5': 50, 'n_units_l6': 40, 'dropout': 0.01, 'activation': 'relu'}",2024-03-24 00:36:09.843517,2024-03-24 00:43:27.936358
165,0.024188053003148517,"{'batch_size': 16, 'n_layers': 6, 'n_units_l0': 70, 'n_units_l1': 60, 'n_units_l2': 30, 'n_units_l3': 90, 'n_units_l4': 100, 'n_units_l5': 80, 'dropout': 0.03, 'activation': 'relu'}",2024-03-24 00:43:27.937368,2024-03-24 02:24:15.502067
166,0.020006979841467105,"{'batch_size': 256, 'n_layers': 7, 'n_units_l0': 100, 'n_units_l1': 100, 'n_units_l2': 40, 'n_units_l3': 70, 'n_units_l4': 30, 'n_units_l5': 40, 'n_units_l6': 90, 'dropout': 0.01, 'activation': 'relu'}",2024-03-24 02:24:15.503098,2024-03-24 02:31:40.692284
167,0.02184840946423664,"{'batch_size': 256, 'n_layers': 7, 'n_units_l0': 70, 'n_units_l1': 70, 'n_units_l2': 100, 'n_units_l3': 60, 'n_units_l4': 80, 'n_units_l5': 90, 'n_units_l6': 100, 'dropout': 0.05, 'activation': 'relu'}",2024-03-24 02:31:40.693304,2024-03-24 02:40:06.235069
168,0.022954567913127152,"{'batch_size': 128, 'n_layers': 6, 'n_units_l0': 70, 'n_units_l1': 100, 'n_units_l2': 80, 'n_units_l3': 90, 'n_units_l4': 70, 'n_units_l5': 60, 'dropout': 0.03, 'activation': 'relu'}",2024-03-24 02:40:06.236046,2024-03-24 02:51:00.834501
169,0.022827107376660404,"{'batch_size': 256, 'n_layers': 7, 'n_units_l0': 50, 'n_units_l1': 100, 'n_units_l2': 40, 'n_units_l3': 60, 'n_units_l4': 40, 'n_units_l5': 30, 'n_units_l6': 80, 'dropout': 0.05, 'activation': 'relu'}",2024-03-24 02:51:00.835475,2024-03-24 02:56:25.877471
170,0.023986952948879564,"{'batch_size': 128, 'n_layers': 5, 'n_units_l0': 70, 'n_units_l1': 100, 'n_units_l2': 60, 'n_units_l3': 90, 'n_units_l4': 90, 'dropout': 0.05, 'activation': 'relu'}",2024-03-24 02:56:25.878518,2024-03-24 03:06:52.060263
171,0.023441635199634624,"{'batch_size': 32, 'n_layers': 7, 'n_units_l0': 50, 'n_units_l1': 100, 'n_units_l2': 40, 'n_units_l3': 80, 'n_units_l4': 30, 'n_units_l5': 40, 'n_units_l6': 80, 'dropout': 0.01, 'activation': 'relu'}",2024-03-24 03:06:52.061232,2024-03-24 03:42:23.749228
172,0.02138201074501134,"{'batch_size': 256, 'n_layers': 7, 'n_units_l0': 50, 'n_units_l1': 100, 'n_units_l2': 40, 'n_units_l3': 50, 'n_units_l4': 90, 'n_units_l5': 40, 'n_units_l6': 90, 'dropout': 0.03, 'activation': 'relu'}",2024-03-24 03:42:23.750237,2024-03-24 03:47:59.794371
173,0.02131890975998621,"{'batch_size': 256, 'n_layers': 7, 'n_units_l0': 50, 'n_units_l1': 100, 'n_units_l2': 60, 'n_units_l3': 80, 'n_units_l4': 80, 'n_units_l5': 40, 'n_units_l6': 90, 'dropout': 0.03, 'activation': 'relu'}",2024-03-24 03:47:59.795338,2024-03-24 03:55:45.167595
174,0.022344147350933288,"{'batch_size': 256, 'n_layers': 5, 'n_units_l0': 50, 'n_units_l1': 40, 'n_units_l2': 40, 'n_units_l3': 30, 'n_units_l4': 80, 'dropout': 0.01, 'activation': 'relu'}",2024-03-24 03:55:45.168561,2024-03-24 04:02:21.841336
175,0.02499051574606906,"{'batch_size': 128, 'n_layers': 6, 'n_units_l0': 30, 'n_units_l1': 60, 'n_units_l2': 40, 'n_units_l3': 60, 'n_units_l4': 100, 'n_units_l5': 50, 'dropout': 0.05, 'activation': 'relu'}",2024-03-24 04:02:21.842308,2024-03-24 04:16:08.939427
176,0.6461231010115247,"{'batch_size': 256, 'n_layers': 11, 'n_units_l0': 70, 'n_units_l1': 100, 'n_units_l2': 40, 'n_units_l3': 90, 'n_units_l4': 70, 'n_units_l5': 60, 'n_units_l6': 60, 'n_units_l7': 60, 'n_units_l8': 60, 'n_units_l9': 40, 'n_units_l10': 60, 'dropout': 0.03, 'activation': 'relu'}",2024-03-24 04:16:08.940419,2024-03-24 04:18:44.456425
177,0.02281769952123608,"{'batch_size': 256, 'n_layers': 5, 'n_units_l0': 70, 'n_units_l1': 100, 'n_units_l2': 40, 'n_units_l3': 50, 'n_units_l4': 90, 'dropout': 0.01, 'activation': 'relu'}",2024-03-24 04:18:44.457419,2024-03-24 04:27:10.824096
178,0.02259032389909363,"{'batch_size': 128, 'n_layers': 5, 'n_units_l0': 90, 'n_units_l1': 100, 'n_units_l2': 40, 'n_units_l3': 70, 'n_units_l4': 50, 'dropout': 0.01, 'activation': 'relu'}",2024-03-24 04:27:10.825070,2024-03-24 04:40:06.782419
179,0.021969517492216883,"{'batch_size': 256, 'n_layers': 7, 'n_units_l0': 30, 'n_units_l1': 100, 'n_units_l2': 30, 'n_units_l3': 70, 'n_units_l4': 30, 'n_units_l5': 70, 'n_units_l6': 40, 'dropout': 0.01, 'activation': 'relu'}",2024-03-24 04:40:06.783426,2024-03-24 04:48:20.415715
180,0.6461200751585681,"{'batch_size': 256, 'n_layers': 11, 'n_units_l0': 30, 'n_units_l1': 30, 'n_units_l2': 40, 'n_units_l3': 90, 'n_units_l4': 30, 'n_units_l5': 90, 'n_units_l6': 80, 'n_units_l7': 80, 'n_units_l8': 40, 'n_units_l9': 30, 'n_units_l10': 30, 'dropout': 0.01, 'activation': 'relu'}",2024-03-24 04:48:20.416693,2024-03-24 04:50:27.831311
181,0.021971556089290877,"{'batch_size': 256, 'n_layers': 6, 'n_units_l0': 70, 'n_units_l1': 100, 'n_units_l2': 100, 'n_units_l3': 100, 'n_units_l4': 40, 'n_units_l5': 40, 'dropout': 0.03, 'activation': 'relu'}",2024-03-24 04:50:27.832335,2024-03-24 04:58:01.043491
182,0.0222923278519632,"{'batch_size': 256, 'n_layers': 7, 'n_units_l0': 70, 'n_units_l1': 100, 'n_units_l2': 40, 'n_units_l3': 50, 'n_units_l4': 30, 'n_units_l5': 30, 'n_units_l6': 80, 'dropout': 0.05, 'activation': 'relu'}",2024-03-24 04:58:01.044471,2024-03-24 05:03:52.141363
183,0.6461213240728407,"{'batch_size': 256, 'n_layers': 13, 'n_units_l0': 30, 'n_units_l1': 30, 'n_units_l2': 100, 'n_units_l3': 60, 'n_units_l4': 30, 'n_units_l5': 70, 'n_units_l6': 60, 'n_units_l7': 100, 'n_units_l8': 100, 'n_units_l9': 30, 'n_units_l10': 90, 'n_units_l11': 100, 'n_units_l12': 90, 'dropout': 0.03, 'activation': 'relu'}",2024-03-24 05:03:52.142340,2024-03-24 05:05:54.353019
184,0.022065834968836337,"{'batch_size': 256, 'n_layers': 6, 'n_units_l0': 50, 'n_units_l1': 100, 'n_units_l2': 50, 'n_units_l3': 100, 'n_units_l4': 80, 'n_units_l5': 100, 'dropout': 0.03, 'activation': 'relu'}",2024-03-24 05:05:54.354085,2024-03-24 05:11:32.357237
185,0.025712822940108508,"{'batch_size': 256, 'n_layers': 4, 'n_units_l0': 50, 'n_units_l1': 100, 'n_units_l2': 30, 'n_units_l3': 90, 'dropout': 0.05, 'activation': 'relu'}",2024-03-24 05:11:32.358212,2024-03-24 05:17:19.921370
186,0.022985499803370613,"{'batch_size': 128, 'n_layers': 6, 'n_units_l0': 60, 'n_units_l1': 60, 'n_units_l2': 40, 'n_units_l3': 90, 'n_units_l4': 40, 'n_units_l5': 40, 'dropout': 0.05, 'activation': 'relu'}",2024-03-24 05:17:19.922387,2024-03-24 05:31:04.403504
187,0.021862667088896812,"{'batch_size': 128, 'n_layers': 7, 'n_units_l0': 90, 'n_units_l1': 40, 'n_units_l2': 40, 'n_units_l3': 70, 'n_units_l4': 40, 'n_units_l5': 100, 'n_units_l6': 80, 'dropout': 0.03, 'activation': 'relu'}",2024-03-24 05:31:04.404491,2024-03-24 05:45:00.973988
188,0.0225628451044814,"{'batch_size': 64, 'n_layers': 7, 'n_units_l0': 50, 'n_units_l1': 40, 'n_units_l2': 30, 'n_units_l3': 100, 'n_units_l4': 90, 'n_units_l5': 80, 'n_units_l6': 100, 'dropout': 0.01, 'activation': 'relu'}",2024-03-24 05:45:00.975061,2024-03-24 06:09:30.088086
189,0.024877794372117727,"{'batch_size': 256, 'n_layers': 4, 'n_units_l0': 50, 'n_units_l1': 100, 'n_units_l2': 60, 'n_units_l3': 30, 'dropout': 0.05, 'activation': 'relu'}",2024-03-24 06:09:30.089084,2024-03-24 06:15:06.962899
190,0.02124654067753783,"{'batch_size': 128, 'n_layers': 7, 'n_units_l0': 70, 'n_units_l1': 100, 'n_units_l2': 80, 'n_units_l3': 70, 'n_units_l4': 50, 'n_units_l5': 30, 'n_units_l6': 30, 'dropout': 0.01, 'activation': 'relu'}",2024-03-24 06:15:06.963888,2024-03-24 06:29:31.194086
191,0.023809518346274622,"{'batch_size': 16, 'n_layers': 6, 'n_units_l0': 30, 'n_units_l1': 40, 'n_units_l2': 50, 'n_units_l3': 100, 'n_units_l4': 90, 'n_units_l5': 50, 'dropout': 0.01, 'activation': 'relu'}",2024-03-24 06:29:31.195059,2024-03-24 08:04:54.727012
192,0.023706839986895798,"{'batch_size': 64, 'n_layers': 5, 'n_units_l0': 50, 'n_units_l1': 90, 'n_units_l2': 40, 'n_units_l3': 50, 'n_units_l4': 40, 'dropout': 0.03, 'activation': 'relu'}",2024-03-24 08:04:54.728027,2024-03-24 08:27:35.473482
193,0.024378430536302027,"{'batch_size': 64, 'n_layers': 5, 'n_units_l0': 30, 'n_units_l1': 90, 'n_units_l2': 40, 'n_units_l3': 50, 'n_units_l4': 90, 'dropout': 0.03, 'activation': 'relu'}",2024-03-24 08:27:35.474581,2024-03-24 08:54:05.910690
194,0.02226767303544226,"{'batch_size': 32, 'n_layers': 8, 'n_units_l0': 70, 'n_units_l1': 90, 'n_units_l2': 30, 'n_units_l3': 50, 'n_units_l4': 50, 'n_units_l5': 100, 'n_units_l6': 40, 'n_units_l7': 50, 'dropout': 0.01, 'activation': 'relu'}",2024-03-24 08:54:05.911668,2024-03-24 09:47:02.181775
195,0.022462300813021023,"{'batch_size': 64, 'n_layers': 8, 'n_units_l0': 90, 'n_units_l1': 90, 'n_units_l2': 60, 'n_units_l3': 70, 'n_units_l4': 50, 'n_units_l5': 100, 'n_units_l6': 90, 'n_units_l7': 80, 'dropout': 0.03, 'activation': 'relu'}",2024-03-24 09:47:02.182822,2024-03-24 10:10:55.333031
196,0.022066604250311157,"{'batch_size': 256, 'n_layers': 5, 'n_units_l0': 50, 'n_units_l1': 40, 'n_units_l2': 90, 'n_units_l3': 60, 'n_units_l4': 70, 'dropout': 0.01, 'activation': 'relu'}",2024-03-24 10:10:55.334063,2024-03-24 10:18:36.197323
197,0.02222218179276716,"{'batch_size': 128, 'n_layers': 7, 'n_units_l0': 90, 'n_units_l1': 100, 'n_units_l2': 40, 'n_units_l3': 100, 'n_units_l4': 60, 'n_units_l5': 80, 'n_units_l6': 50, 'dropout': 0.03, 'activation': 'relu'}",2024-03-24 10:18:36.198295,2024-03-24 10:30:37.048308
198,0.03379462200351603,"{'batch_size': 128, 'n_layers': 6, 'n_units_l0': 60, 'n_units_l1': 60, 'n_units_l2': 40, 'n_units_l3': 90, 'n_units_l4': 100, 'n_units_l5': 60, 'dropout': 0.05, 'activation': 'softsign'}",2024-03-24 10:30:37.049324,2024-03-24 10:45:08.400508
199,0.021903002366706763,"{'batch_size': 256, 'n_layers': 7, 'n_units_l0': 50, 'n_units_l1': 100, 'n_units_l2': 90, 'n_units_l3': 100, 'n_units_l4': 100, 'n_units_l5': 100, 'n_units_l6': 50, 'dropout': 0.05, 'activation': 'relu'}",2024-03-24 10:45:08.401542,2024-03-24 10:50:38.280317
